初始,代码,名称,最新,涨幅%,现量,买入价,换手%,3日涨幅%,10日涨幅%,本月涨幅%,所属行业,5日涨幅%,近一月涨幅%,60日涨幅,委比%,金额,开盘,近一年涨幅%,卖一量,量比,总股本,总市值,流通股本,流通市值,今年涨幅%,最低,3日换手%,6日换手%,自选时间,自选价格,自选收益,自选时间1,昨收,振幅%,委差,均价,Column1
1,"= ""002709""", 天赐材料, 38.17, 1.54, 3.10万, 38.17, 14.83,17.09,27.79,1.54,  化学制品,21.91,75.74,104.12, 80.67, 77.45亿, 37.00,196.81, 556, 1.24, 19.14亿, 730.7亿, 13.85亿, 528.6亿,94.55, 36.48,42.51,74.41,2025-09-08,28.02,0.3622,2025-09-08,37.59, 9.63, 8011, 37.72,
2,"= ""300959""", 线上线下, 96.82, 15.08, 1972, 96.82, 32.77,15.43,40.48,15.08,  通信服务,21.94,118.51,120.9, -28.80, 14.60亿, 84.97,302.24, 36, 1.27, 8037万, 77.81亿, 5236万, 50.69亿,120.9, 77.53,86.64,161.43,2025-09-29,86.53,0.1189,2025-09-29,84.13, 25.38, -119, 85.08,
3,"= ""300250""", 初灵信息, 27.20, 3.03, 6819, 27.19, 48.89,11.02,52.47,3.03,  互联网服务,3.46,56.77,67.08, -40.35, 20.71亿, 26.39,113.84, 68, 1.16, 2.141亿, 58.23亿, 1.577亿, 42.89亿,92.91, 25.79,115.67,259.62,2025-09-22,21.91,0.2414,2025-09-22,26.4, 9.13, -1845, 26.87,
4,"= ""300115""", 长盈精密, 41.68, 0.53, 1.99万, 41.68, 12.14,5.76,48.12,0.53,  消费电子,14.22,66.85,99.62, 79.01, 68.08亿, 41.00,303.88, 116, 0.79, 13.60亿, 567.0亿, 13.56亿, 565.3亿,158.72, 40.22,38.52,89.47,2025-09-24,39.75,0.0486,2025-09-24,41.46, 5.55, 8178, 41.36,
5,"= ""688210""", 统联精密, 62.45, 1.05, 479, 62.44, 2.90,3.53,23.76,1.05,  电子元件,10.65,46.94,160.86, 68.15, 2.96亿, 62.10,236.48, 25, 0.60, 1.614亿, 100.8亿, 1.614亿, 100.8亿,215.24, 61.32,11.07,27.01,2025-07-28,34.88,0.7904,2025-07-28,61.8, 5.94, 912, 63.35,
6,"= ""300464""", 星徽股份, 7.74, 20.00, 1097, 7.74, 19.81,36.51,32.08,20,  互联网服务,44.13,37.23,40.47, 100.00, 5.17亿, 6.55,110.33, 0, 2.07, 4.578亿, 35.44亿, 3.553亿, 27.50亿,49.71, 6.51,49.9,67.62,2025-09-30,7.21,0.0735,2025-09-30,6.45, 19.07, 21.7万, 7.34,
7,"= ""688269""", 凯立新材, 40.90, 3.70, 511, 40.86, 2.68,10.27,11.57,3.7,  化学制品,11.9,8.92,25.08, -50.40, 1.40亿, 40.00,98.45, 92, 1.65, 1.307亿, 53.46亿, 1.307亿, 53.46亿,67.08, 39.30,6.79,10.83,2025-10-02,40.9,0,2025-10-02,39.44, 4.31, -161, 40.06,
8,"= ""688385""", 复旦微电, 66.65, 5.86, 1966, 66.64, 3.56,6.25,4.88,5.86,  半导体,10.2,16.24,38.85, -28.42, 12.61亿, 63.32,175.53, 111, 0.98, 8.214亿, 547.5亿, 5.371亿, 358.0亿,73.98, 62.96,11.7,21.69,2025-10-02,66.65,0,2025-10-02,62.96, 6.97, -430, 65.87,
9,"= ""300455""", 航天智装, 17.39, 3.95, 2171, 17.38, 2.24,2.66,0,3.95,  计算机设备,3.95,-1.64,25.29, -58.94, 2.74亿, 16.75,74.42, 1749, 1.64, 7.178亿, 124.8亿, 7.086亿, 123.2亿,34.39, 16.74,4.57,9.05,2025-10-02,17.39,0,2025-10-02,16.73, 5.44, -3181, 17.31,
10,"= ""002513""", 蓝丰生化, 10.40, 10.05, 633, 10.40, 15.97,33.16,92.95,10.05,  农药兽药,61.24,99.23,88.75, 100.00, 4.38亿, 10.30,200.58, 0, 0.72, 3.556亿, 36.98亿, 2.652亿, 27.58亿,132.14, 10.02,73.78,126.18,2025-09-29,9.45,0.1005,2025-09-29,9.45, 4.02, 22.0万, 10.34,
11,"= ""688380""", 中微半导, 39.04, 0.46, 1749, 39.03, 9.74,-2.3,16.23,0.46,  半导体,15.23,19.64,47.66, -53.96, 6.46亿, 39.19,130.19, 1157, 0.71, 4.004亿, 156.3亿, 1.691亿, 66.00亿,31.67, 38.58,34.38,78.69,2025-10-02,39.04,0,2025-10-02,38.86, 4.14, -1212, 39.20,
12,"= ""300150""", 世纪瑞尔, 5.64, -1.40, 1234, 5.63, 3.13,1.81,-2.59,-1.4,  互联网服务,6.62,-0.88,9.3, -7.49, 8169万, 5.71,77.92, 484, 0.78, 5.851亿, 33.00亿, 4.602亿, 25.96亿,28.77, 5.63,11.59,23.29,2025-10-02,5.64,0,2025-10-02,5.72, 2.27, -740, 5.66,
13,"= ""688531""", 日联科技, 67.20, 0.46, 142, 67.19, 2.98,1.19,19.3,0.46,  专用设备,10.89,13.32,39.59, -45.29, 2.13亿, 67.07,155.81, 94, 0.60, 1.656亿, 111.3亿, 1.070亿, 71.88亿,106.64, 66.15,11,27.99,2025-10-02,67.2,0,2025-10-02,66.89, 2.12, -74, 66.95,
14,"= ""688396""", 华润微, 55.55, 1.70, 2807, 55.54, 1.58,2.51,12.45,1.7,  半导体,5.79,10.61,18.49, 10.10, 11.66亿, 54.68,61.95, 290, 0.87, 13.28亿, 737.4亿, 13.28亿, 737.4亿,17.87, 54.62,4.72,10.67,2025-10-02,55.55,0,2025-10-02,54.62, 3.61, 180, 55.61,
15,"= ""688286""", 敏芯股份, 109.67, 3.17, 247, 109.67, 6.32,3.36,6.78,3.17,  半导体,5.99,7.05,59.43, 50.59, 3.88亿, 106.81,237.13, 6, 0.98, 5602万, 61.44亿, 5602万, 61.44亿,82.02, 105.81,16.7,38.49,2025-10-02,109.67,0,2025-10-02,106.3, 5.70, 54, 109.49,
16,"= ""600846""", 同济科技, 13.77, 0.73, 1001, 13.76, 1.92,0.15,3.46,0.73,  工程建设,-1.99,26.33,25.98, -21.33, 1.63亿, 13.69,100.73, 16, 0.92, 6.248亿, 86.03亿, 6.248亿, 86.03亿,63.54, 13.40,5.15,12.37,2025-10-02,13.77,0,2025-10-02,13.67, 3.73, -205, 13.65,
17,"= ""688004""", 博汇科技, 28.05, 2.19, 344, 28.02, 3.11,0.86,11.49,2.19,  互联网服务,4.12,21.69,46.09, 6.08, 6891万, 27.45,175.54, 14, 0.55, 8009万, 22.46亿, 8009万, 22.46亿,85.27, 27.01,9.77,31.33,2025-10-02,28.05,0,2025-10-02,27.45, 4.26, 17, 27.65,
18,"= ""688002""", 睿创微纳, 88.44, 4.06, 756, 88.44, 1.54,3.28,20.46,4.06,  半导体,5.26,17.26,28.43, 77.30, 6.19亿, 85.45,232.61, 3, 0.96, 4.602亿, 407.0亿, 4.602亿, 407.0亿,88.77, 84.54,4.37,9.6,2025-10-02,88.44,0,2025-10-02,84.99, 5.48, 240, 87.19,
19,"= ""600676""", 交运股份, 6.35, 10.05, 426, 6.35, 3.29,12.19,5.83,10.05,  汽车零部件,11.21,7.08,34.82, 100.00, 2.10亿, 5.78,100.32, 0, 2.55, 10.28亿, 65.31亿, 10.28亿, 65.31亿,40.8, 5.78,5.92,9.73,2025-09-30,6.35,0,2025-09-30,5.77, 9.88, 5.21万, 6.20,
20,"= ""688123""", 聚辰股份, 162.47, 10.47, 1257, 162.47, 8.89,23.12,74.7,10.47,  半导体,35.39,88.07,104.54, 80.02, 22.58亿, 149.98,280.49, 19, 0.70, 1.583亿, 257.1亿, 1.583亿, 257.1亿,179.06, 149.98,33.31,72.58,2025-09-22,107.89,0.5059,2025-09-22,147.07, 12.22, 270, 160.40,
21,"= ""002971""", 和远气体, 35.43, -2.93, 335, 35.43, 3.23,-1.31,14.73,-2.93,  化学制品,12.91,36.74,57.82, 53.88, 1.86亿, 37.80,151.28, 78, 0.76, 2.118亿, 75.04亿, 1.610亿, 57.04亿,91, 35.17,11.15,24.58,2025-09-24,34.52,0.0264,2025-09-24,36.5, 7.21, 285, 35.77,
22,"= ""002371""", 北方华创, 452.36, -1.45, 2562, 452.35, 1.68,-0.28,19.72,-1.45,  半导体,8.01,19.51,35.45, -92.18, 55.47亿, 457.96,108.88, 2, 0.87, 7.241亿, 3275亿, 7.235亿, 3273亿,56.61, 450.00,4.94,11.32,2025-09-24,460.68,-0.0181,2025-09-24,459, 2.92, -283, 456.74,
23,"= ""603650""", 彤程新材, 44.19, 4.69, 2954, 44.19, 5.16,4.84,28.87,4.69,  橡胶制品,17,18.5,36.47, -11.43, 13.45亿, 42.33,77.9, 763, 0.96, 5.990亿, 264.7亿, 5.973亿, 263.9亿,28.2, 42.03,14.09,32.07,2025-09-24,41.55,0.0635,2025-09-24,42.21, 7.23, -377, 43.66,
24,"= ""001339""", 智微智能, 59.83, -1.37, 939, 59.83, 5.37,-6.79,-1.9,-1.37,  计算机设备,3.51,-3.13,21.14, 55.42, 3.86亿, 61.66,95.65, 49, 0.61, 2.521亿, 150.8亿, 1.192亿, 71.35亿,63.87, 59.60,18,49.1,2025-10-02,59.83,0,2025-10-02,60.66, 3.49, 562, 60.28,
25,"= ""603698""", 航天工程, 20.85, -2.52, 866, 20.85, 2.48,-0.43,3.37,-2.52,  专业服务,10.08,19.01,23.89, 60.10, 2.76亿, 20.93,61.63, 26, 0.91, 5.360亿, 111.8亿, 5.360亿, 111.8亿,35.39, 20.40,9.43,16.07,2025-10-02,20.85,0,2025-10-02,21.39, 4.02, 503, 20.77,
26,"= ""688251""", 井松智能, 32.60, 1.91, 440, 32.57, 9.82,26.21,25.77,1.91,  通用设备,28.45,40.28,81.62, 56.01, 1.92亿, 31.78,186.72, 42, 1.25, 1.007亿, 32.84亿, 5996万, 19.55亿,137.09, 31.43,37.72,49.01,2025-10-02,32.6,0,2025-10-02,31.99, 5.85, 346, 32.52,
27,"= ""603508""", 思维列控, 33.50, 1.52, 458, 33.48, 1.08,1.18,1.7,1.52,  软件开发,3.62,-0.59,25.23, -28.36, 1.38亿, 32.98,145.6, 43, 0.71, 3.813亿, 127.7亿, 3.813亿, 127.7亿,63.49, 32.91,4.03,8.72,2025-10-02,33.5,0,2025-10-02,33, 2.82, -74, 33.40,
28,"= ""603259""", 药明康德, 112.03, 6.42, 1.01万, 112.03, 2.86,4.67,5,6.42,  医疗服务,7.28,0.34,59.93, 12.23, 77.92亿, 105.27,187.99, 1, 1.40, 29.66亿, 3322亿, 24.73亿, 2771亿,109.95, 105.22,6.72,13.04,2025-10-02,112.03,0,2025-10-02,105.27, 6.69, 385, 110.15,
29,"= ""605589""", 圣泉集团, 33.89, 5.74, 3488, 33.89, 4.88,4.15,7.69,5.74,  化学制品,4.5,6.81,12.89, 1.06, 12.78亿, 32.06,100.89, 653, 2.19, 8.464亿, 286.8亿, 7.809亿, 264.6亿,47.03, 32.06,8.99,16.03,2025-10-02,33.89,0,2025-10-02,32.05, 6.61, 24, 33.56,
30,"= ""688665""", 四方光电, 63.26, 2.54, 285, 63.25, 2.62,2.98,3.03,2.54,  仪器仪表,3.7,6.95,38.03, 51.52, 1.65亿, 61.80,157.89, 2, 1.72, 1.006亿, 63.61亿, 1.006亿, 63.61亿,96.22, 61.00,5.65,10.23,2025-10-02,63.26,0,2025-10-02,61.69, 5.15, 118, 62.60,
31,"= ""603320""", 迪贝电气, 20.57, 8.32, 3152, 20.56, 8.84,10.06,0.88,8.32,  电机,6.53,7.14,8.72, -3.66, 2.70亿, 18.97,71.13, 99, 5.24, 1.491亿, 30.68亿, 1.491亿, 30.68亿,47.14, 18.81,11.79,17.28,2025-10-02,20.57,0,2025-10-02,18.99, 10.95, -22, 20.46,
32,"= ""000408""", 藏格矿业, 58.33, 4.37, 1884, 58.33, 0.93,5.79,5,4.37,  化肥行业,8.93,7.15,41.37, 31.49, 8.45亿, 57.00,149.7, 5, 1.26, 15.70亿, 915.9亿, 15.70亿, 915.9亿,118.22, 56.12,2.33,4.62,2025-10-02,58.33,0,2025-10-02,55.89, 4.26, 177, 57.74,
33,"= ""603216""", 梦天家居, 19.31, 5.00, 1708, 19.31, 5.39,12.2,12.4,5,  装修装饰,6.74,36.47,52.53, 59.19, 2.29亿, 18.88,121.95, 44, 1.31, 2.227亿, 43.00亿, 2.227亿, 43.00亿,81.14, 18.41,16.4,25.94,2025-10-02,19.31,0,2025-10-02,18.39, 6.47, 1021, 19.10,
34,"= ""002249""", 大洋电机, 11.52, -4.32, 2.58万, 11.52, 12.76,1.5,11.41,-4.32,  电机,-1.45,44.54,74.55, 46.42, 27.19亿, 11.83,149.35, 5484, 0.72, 24.42亿, 281.4亿, 18.30亿, 210.8亿,100.7, 11.50,47.08,102.09,2025-10-02,11.52,0,2025-10-02,12.04, 3.16, 3.19万, 11.64,
35,"= ""688388""", 嘉元科技, 37.52, 3.39, 3490, 37.52, 6.86,8.6,8.75,3.39,  电池,12.81,20.53,76.15, 47.64, 10.94亿, 36.64,347.73, 29, 1.06, 4.262亿, 159.9亿, 4.262亿, 159.9亿,154.72, 36.34,19.15,39.15,2025-10-02,37.52,0,2025-10-02,36.29, 5.95, 1111, 37.41,
36,"= ""688257""", 新锐股份, 19.85, -1.64, 840, 19.84, 1.41,-4.38,-1.19,-1.64,  有色金属,-1.24,11.27,38.52, -8.04, 7117万, 20.21,110.95, 504, 0.65, 2.524亿, 50.10亿, 2.524亿, 50.10亿,54.6, 19.85,4.49,12.31,2025-10-02,19.85,0,2025-10-02,20.18, 2.82, -163, 20.04,
37,"= ""688200""", 华峰测控, 208.30, -0.35, 155, 208.30, 2.02,-0.55,17.81,-0.35,  半导体,0.29,12.1,48.14, -59.57, 5.76亿, 209.35,176.26, 2, 0.63, 1.355亿, 282.3亿, 1.355亿, 282.3亿,100.77, 207.33,6.23,18.07,2025-10-02,208.3,0,2025-10-02,209.03, 4.10, -36, 210.94,
38,"= ""300715""", 凯伦股份, 12.52, 0.00, 887, 12.52, 1.29,-2.57,8.68,0,  装修建材,6.83,20.15,26.34, 45.79, 5402万, 12.59,111.49, 13, 0.43, 3.781亿, 47.33亿, 3.342亿, 41.84亿,68.73, 12.46,5.89,16.26,2025-10-02,12.52,0,2025-10-02,12.52, 1.76, 348, 12.57,
39,"= ""002295""", 精艺股份, 14.75, 9.99, 167, 14.75, 25.07,9.26,36.2,9.99,  有色金属,32.29,44.04,47.5, 100.00, 9.00亿, 13.20,199.19, 0, 2.50, 2.506亿, 36.97亿, 2.503亿, 36.92亿,130.83, 13.16,60.74,75.3,2025-10-02,14.75,0,2025-10-02,13.41, 11.86, 1.74万, 14.34,
40,"= ""603090""", 宏盛股份, 53.03, -5.69, 1625, 53.03, 13.91,-2.68,15.18,-5.69,  通用设备,12.23,33.41,118.41, 80.51, 7.63亿, 54.44,301.13, 1, 0.79, 1.000亿, 53.03亿, 1.000亿, 53.03亿,208.13, 52.52,58.04,102.02,2025-10-02,53.03,0,2025-10-02,56.23, 11.51, 347, 54.86,
41,"= ""300850""", 新强联, 43.48, 2.55, 1722, 43.48, 10.43,8.02,22.72,2.55,  风电设备,12.88,22.65,16.01, 82.24, 13.41亿, 42.40,213.03, 91, 1.05, 4.083亿, 177.5亿, 2.950亿, 128.3亿,128.6, 42.28,36.28,60.28,2025-10-02,43.48,0,2025-10-02,42.4, 5.14, 1357, 43.60,
42,"= ""301093""", 华兰股份, 42.52, 0.00, 154, 42.52, 2.09,-5.07,14.67,0,  医疗器械,4.73,19.17,67.34, 16.37, 1.39亿, 42.40,186.33, 22, 0.39, 1.642亿, 69.82亿, 1.569亿, 66.73亿,134.27, 41.59,11.01,28.64,2025-10-02,42.52,0,2025-10-02,42.52, 4.73, 62, 42.54,
43,"= ""603486""", 科沃斯, 107.50, 2.32, 1354, 107.49, 0.90,1.42,9.57,2.32,  家电行业,1.82,11.64,91.55, -84.86, 5.44亿, 104.28,164.39, 250, 1.00, 5.764亿, 619.6亿, 5.692亿, 611.9亿,130.93, 103.00,2.76,5.45,2025-10-02,107.5,0,2025-10-02,105.06, 4.31, -325, 105.60,
44,"= ""603006""", XD联明股, 14.12, -1.12, 600, 14.12, 1.52,-0.7,-5.04,-1.12,  汽车零部件,-4.47,6.33,19.56, 2.99, 5479万, 14.34,71.78, 102, 0.59, 2.543亿, 35.90亿, 2.543亿, 35.90亿,46.02, 14.02,5.3,14.49,2025-10-02,14.12,0,2025-10-02,14.28, 2.24, 45, 14.19,
45,"= ""002010""", 传化智联, 6.30, 0.80, 5051, 6.30, 1.44,0.32,-1.56,0.8,  物流行业,-1.41,4.48,12.1, -20.06, 2.51亿, 6.24,80.52, 6193, 0.97, 27.88亿, 175.6亿, 27.81亿, 175.2亿,42.21, 6.21,4.15,8.84,2025-10-02,6.3,0,2025-10-02,6.25, 2.40, -5153, 6.27,
46,"= ""002080""", 中材科技, 34.02, -0.73, 2070, 34.02, 1.45,-3.21,-6.36,-0.73,  玻璃玻纤,-5.84,3.91,39.37, 38.28, 8.36亿, 34.27,266.59, 149, 0.83, 16.78亿, 570.9亿, 16.78亿, 570.9亿,164.75, 33.93,4.47,10.18,2025-10-02,34.02,0,2025-10-02,34.27, 2.80, 806, 34.29,
47,"= ""688506""", 百利天恒, 375.30, 3.43, 156, 374.73, 1.01,-0.85,5,3.43,  生物制品,2.68,3.79,28.44, -17.75, 3.88亿, 362.85,137.55, 4, 0.82, 4.129亿, 1550亿, 1.029亿, 386.2亿,95.74, 362.85,3.35,7.15,2025-10-02,375.3,0,2025-10-02,362.85, 4.70, -8, 373.22,
48,"= ""300200""", 高盟新材, 10.41, 0.97, 1257, 10.41, 2.57,-0.38,2.46,0.97,  化学制品,1.56,2.06,4.31, -8.96, 1.13亿, 10.31,55.14, 305, 0.66, 4.310亿, 44.86亿, 4.233亿, 44.06亿,27.89, 10.28,7.67,22.02,2025-10-02,10.41,0,2025-10-02,10.31, 2.04, -505, 10.41,
49,"= ""002686""", 亿利达, 6.56, 1.08, 2793, 6.55, 4.03,1.55,-3.1,1.08,  通用设备,0.92,-3.1,-1.65, -10.49, 1.39亿, 6.50,38.11, 994, 2.78, 5.662亿, 37.15亿, 5.227亿, 34.29亿,22.62, 6.43,6.86,11.27,2025-10-02,6.56,0,2025-10-02,6.49, 7.09, -486, 6.60,
50,"= ""000426""", 兴业银锡, 32.89, 5.21, 1.12万, 32.89, 4.95,21.19,25.53,5.21,  有色金属,21.68,42.01,94.96, -21.30, 29.10亿, 33.00,216.86, 421, 1.64, 17.76亿, 584.0亿, 17.75亿, 583.9亿,197.65, 32.62,12.11,20.03,2025-10-02,32.89,0,2025-10-02,31.26, 3.93, -315, 33.12,
51,"= ""688273""", 麦澜德, 40.61, 3.31, 252, 40.58, 4.79,4.13,-2.07,3.31,  医疗器械,5.81,1.07,34.96, 3.65, 7137万, 39.60,109.87, 2, 1.56, 1.000亿, 40.61亿, 3683万, 14.96亿,76.72, 39.15,9.88,20.12,2025-10-02,40.61,0,2025-10-02,39.31, 4.71, 3, 40.46,
52,"= ""002420""", 毅昌科技, 8.66, 1.88, 4545, 8.66, 8.54,5.87,15.93,1.88,  家电行业,15.01,29.06,34.47, -25.44, 2.92亿, 8.47,82.32, 1546, 0.95, 4.113亿, 35.62亿, 3.996亿, 34.60亿,64.02, 8.35,27.9,53.58,2025-10-02,8.66,0,2025-10-02,8.5, 5.06, -2377, 8.56,
53,"= ""605588""", 冠石科技, 62.15, 4.24, 2288, 62.11, 11.01,10.04,14.2,4.24,  半导体,10.96,10.74,33.48, -95.72, 4.79亿, 59.99,78.69, 671, 2.01, 7347万, 45.66亿, 7310万, 45.43亿,52.48, 57.91,20.76,38.39,2025-10-02,62.15,0,2025-10-02,59.62, 8.64, -671, 59.49,
54,"= ""600671""", 天目药业, 18.26, 0.00, 167, 18.24, 2.57,-1.4,-1.14,0,  中药,-1.83,-4.05,31.94, -15.15, 5699万, 18.28,182.66, 40, 0.79, 1.218亿, 22.24亿, 1.217亿, 22.23亿,107.97, 18.09,7.55,18.84,2025-10-02,18.26,0,2025-10-02,18.26, 2.03, -95, 18.23,
55,"= ""688550""", 瑞联新材, 50.45, 0.50, 378, 50.44, 1.82,-3.17,10.49,0.5,  电子化学品,-1.46,12.16,25.5, -90.27, 1.59亿, 50.20,182, 666, 0.48, 1.736亿, 87.57亿, 1.736亿, 87.57亿,64.33, 50.05,7.62,20.93,2025-10-02,50.45,0,2025-10-02,50.2, 1.61, -794, 50.38,
56,"= ""688625""", 呈和科技, 37.96, 4.89, 798, 37.95, 2.45,12.31,19.15,4.89,  化学制品,17.41,16.41,24.26, -28.86, 1.74亿, 36.19,81.11, 66, 1.48, 1.883亿, 71.49亿, 1.883亿, 71.49亿,41.69, 36.18,6.89,10.74,2025-10-02,37.96,0,2025-10-02,36.19, 5.78, -414, 37.66,
57,"= ""600961""", 株冶集团, 16.23, 4.37, 3274, 16.23, 6.15,8.56,6.36,4.37,  有色金属,5.53,6.99,41.87, -27.62, 7.48亿, 15.68,130.87, 193, 1.10, 10.73亿, 174.1亿, 7.518亿, 122.0亿,106.23, 15.57,15.99,34.13,2025-10-02,16.23,0,2025-10-02,15.55, 6.17, -1289, 16.20,
58,"= ""600711""", 盛屯矿业, 10.32, 10.02, 3854, 10.32, 14.42,20,17.81,10.02,  能源金属,25.85,14.41,41.18, 100.00, 45.35亿, 9.56,196.55, 0, 2.76, 30.91亿, 319.0亿, 30.91亿, 319.0亿,114.11, 9.56,30.21,40.55,2025-10-02,10.32,0,2025-10-02,9.38, 8.10, 6.75万, 10.18,
59,"= ""300199""", 翰宇药业, 21.33, 1.52, 4024, 21.33, 4.35,-7.74,-11.82,1.52,  化学制药,-8.02,-20.11,15.67, -9.45, 6.89亿, 21.01,134.4, 628, 0.59, 8.832亿, 188.4亿, 7.457亿, 159.1亿,65.48, 20.94,22.78,41.3,2025-10-02,21.33,0,2025-10-02,21.01, 2.19, -600, 21.28,
60,"= ""301606""", 绿联科技, 63.98, -1.66, 184, 63.98, 0.73,-5.21,-4.62,-1.66,  消费电子,-3.03,-1.89,35.35, -57.54, 1.02亿, 65.08,155.72, 4, 0.65, 4.149亿, 265.5亿, 2.190亿, 140.1亿,71.99, 63.17,3.42,6.34,2025-10-02,63.98,0,2025-10-02,65.06, 4.12, -103, 64.19,
61,"= ""688510""", 航亚科技, 26.15, -0.57, 518, 26.13, 2.40,5.87,7.39,-0.57,  航天航空,3.69,10.43,11.8, -22.81, 1.62亿, 26.58,102.09, 118, 1.11, 2.584亿, 67.57亿, 2.584亿, 67.57亿,51.86, 25.80,8.32,13.22,2025-10-02,26.15,0,2025-10-02,26.3, 2.97, -66, 26.14,
62,"= ""688536""", 思瑞浦, 173.34, 3.75, 398, 173.32, 3.37,4.52,9.88,3.75,  半导体,8.75,13.1,29.76, -48.92, 7.68亿, 168.00,146.22, 8, 0.87, 1.356亿, 235.1亿, 1.326亿, 229.9亿,87.39, 167.29,10.64,22.79,2025-10-02,173.34,0,2025-10-02,167.08, 4.14, -133, 171.85,
63,"= ""688375""", 国博电子, 76.70, 3.79, 298, 76.69, 0.47,2.91,3.06,3.79,  电子元件,6.53,14.85,27.73, 9.65, 2.16亿, 73.90,132.35, 109, 1.11, 5.960亿, 457.1亿, 5.960亿, 457.1亿,56.66, 73.77,1.27,2.6,2025-10-02,76.7,0,2025-10-02,73.9, 6.12, 33, 76.30,
64,"= ""301137""", 哈焊华通, 38.42, 4.72, 3296, 38.42, 13.22,5.81,19.21,4.72,  通用设备,27.09,24.26,-0.39, -15.27, 9.08亿, 36.88,145.5, 482, 1.59, 1.818亿, 69.85亿, 1.801亿, 69.21亿,121.06, 36.13,40.12,54.91,2025-10-02,38.42,0,2025-10-02,36.69, 10.55, -240, 38.11,
65,"= ""301077""", 星华新材, 27.95, -0.36, 332, 27.95, 5.49,-2.41,0.18,-0.36,  化学制品,0.04,27.05,40.03, -33.37, 1.47亿, 28.10,186.08, 1, 0.80, 1.701亿, 47.54亿, 9540万, 26.67亿,60.08, 27.41,16.75,39.92,2025-10-02,27.95,0,2025-10-02,28.05, 3.89, -81, 28.00,
66,"= ""300836""", 佰奥智能, 56.70, 6.62, 983, 56.70, 10.94,-1.39,20.64,6.62,  专用设备,-0.32,28.22,31.1, 44.40, 3.85亿, 53.39,152.67, 1, 0.79, 9269万, 52.55亿, 6321万, 35.84亿,96.26, 53.18,37.72,80.33,2025-10-02,56.7,0,2025-10-02,53.18, 9.06, 58, 55.68,
67,"= ""300433""", 蓝思科技, 33.48, 2.70, 1.64万, 33.48, 1.89,-0.42,10.5,2.7,  消费电子,4.33,11.49,43.51, 38.96, 31.18亿, 32.63,123.95, 218, 0.79, 52.84亿, 1769亿, 49.67亿, 1663亿,55.72, 32.40,5.87,13.91,2025-10-02,33.48,0,2025-10-02,32.6, 4.29, 4651, 33.14,
68,"= ""300290""", 荣科科技, 28.21, 2.73, 3580, 28.20, 4.80,2.1,-11.43,2.73,  互联网服务,3.41,17.15,62.31, 11.83, 8.63亿, 27.60,197.26, 220, 1.05, 6.397亿, 180.5亿, 6.395亿, 180.4亿,38.62, 27.47,12.79,27.6,2025-10-02,28.21,0,2025-10-02,27.46, 4.77, 506, 28.10,
69,"= ""688691""", 灿芯股份, 101.88, 15.41, 1004, 101.84, 19.38,8.95,42.55,15.41,  半导体,24.85,33.25,75.2, -74.55, 13.13亿, 90.55,210.04, 7, 1.35, 1.200亿, 122.3亿, 7147万, 72.81亿,32.6, 87.60,41.98,91.31,2025-10-02,101.88,0,2025-10-02,88.28, 19.14, -117, 94.80,
70,"= ""688663""", 新风光, 40.20, -0.12, 263, 40.19, 1.77,0,4.42,-0.12,  电网设备,5.04,25.31,34, 70.56, 1.01亿, 40.22,154.75, 48, 0.53, 1.414亿, 56.84亿, 1.414亿, 56.84亿,90.34, 39.81,8.55,18.55,2025-10-02,40.2,0,2025-10-02,40.25, 2.96, 564, 40.47,
71,"= ""688617""", 惠泰医疗, 316.73, 1.05, 145, 316.73, 0.58,-1.52,6.29,1.05,  医疗器械,5.23,3.55,9.49, 63.12, 2.58亿, 313.87,37.65, 2, 0.69, 1.410亿, 446.6亿, 1.410亿, 446.6亿,23.93, 311.92,1.79,4.74,2025-10-02,316.73,0,2025-10-02,313.45, 2.19, 41, 316.32,
72,"= ""688596""", 正帆科技, 43.37, 1.98, 1605, 43.37, 5.85,6.98,22.2,1.98,  专用设备,13.3,23.21,21.96, -42.87, 7.46亿, 43.25,78.18, 2, 0.97, 2.929亿, 127.0亿, 2.929亿, 127.0亿,22.97, 42.00,17.18,35.92,2025-10-02,43.37,0,2025-10-02,42.53, 7.03, -188, 43.53,
73,"= ""688416""", 恒烁股份, 54.71, 11.88, 480, 54.71, 14.42,11.31,19.69,11.88,  半导体,14.19,26.06,44.01, 30.91, 5.03亿, 49.99,162.52, 3, 1.94, 8293万, 45.37亿, 6524万, 35.69亿,40.28, 49.39,27.29,51.51,2025-10-02,54.71,0,2025-10-02,48.9, 16.38, 124, 53.48,
74,"= ""688401""", 路维光电, 49.22, 1.74, 662, 49.22, 3.40,0.86,16.94,1.74,  半导体,2.54,17.25,45.19, 54.12, 3.24亿, 48.28,161.67, 28, 0.98, 1.933亿, 95.16亿, 1.933亿, 95.16亿,88.65, 47.50,8.64,20.73,2025-10-02,49.22,0,2025-10-02,48.38, 6.06, 212, 49.21,
75,"= ""688305""", 科德数控, 65.68, 2.27, 568, 65.68, 3.43,0.24,0.43,2.27,  通用设备,3.22,3.68,19.29, -8.94, 3.00亿, 65.00,48.36, 20, 1.69, 1.329亿, 87.29亿, 1.322亿, 86.84亿,25.7, 64.60,6.37,13.59,2025-10-02,65.68,0,2025-10-02,64.22, 4.72, -20, 66.12,
76,"= ""688300""", 联瑞新材, 62.10, 3.48, 311, 62.09, 3.22,2.21,14.58,3.48,  非金属材料,6.06,16.88,22.63, 88.14, 4.88亿, 60.77,113.26, 16, 1.02, 2.415亿, 150.0亿, 2.415亿, 150.0亿,26.35, 60.77,8.12,18.97,2025-10-02,62.1,0,2025-10-02,60.01, 5.47, 792, 62.62,
77,"= ""688191""", 智洋创新, 30.17, 1.55, 371, 30.15, 2.00,0.9,6.99,1.55,  电网设备,4.03,25.29,16.08, 0.88, 1.37亿, 29.30,223.37, 108, 1.01, 2.317亿, 69.89亿, 2.317亿, 69.89亿,172.05, 28.66,6.04,11.88,2025-10-02,30.17,0,2025-10-02,29.71, 5.08, 4, 29.53,
78,"= ""688173""", 希荻微, 16.79, 2.44, 1042, 16.79, 2.82,1.14,0.42,2.44,  半导体,4.42,5.8,24.93, 32.55, 1.94亿, 16.55,109.09, 30, 1.13, 4.108亿, 68.97亿, 4.071亿, 68.35亿,51.53, 16.47,6.87,15.32,2025-10-02,16.79,0,2025-10-02,16.39, 4.09, 602, 16.84,
79,"= ""688128""", 中国电研, 31.64, 2.86, 760, 31.64, 2.03,4.22,6.14,2.86,  专用设备,6.93,20.08,29.14, 27.38, 2.58亿, 30.72,108.98, 94, 1.41, 4.045亿, 128.0亿, 4.045亿, 128.0亿,54.27, 30.46,4.51,9.21,2025-10-02,31.64,0,2025-10-02,30.76, 5.17, 197, 31.51,
80,"= ""688017""", 绿的谐波, 180.78, 1.16, 826, 180.78, 3.15,1.84,0.22,1.16,  通用设备,6,13.21,52.18, -8.77, 10.41亿, 179.00,200.1, 2, 0.86, 1.833亿, 331.4亿, 1.833亿, 331.4亿,67.45, 178.07,9.35,21.61,2025-10-02,180.78,0,2025-10-02,178.7, 2.13, -22, 179.99,
81,"= ""300933""", 中辰股份, 9.66, 7.21, 4280, 9.65, 9.77,10.27,7.57,7.21,  电网设备,10.53,8.91,24.97, -50.09, 4.93亿, 9.07,75.96, 707, 2.24, 5.282亿, 51.03亿, 5.282亿, 51.03亿,15.97, 9.02,21.49,31.56,2025-10-02,9.66,0,2025-10-02,9.01, 9.77, -3380, 9.55,
82,"= ""300905""", 宝丽迪, 37.14, -0.24, 1449, 37.14, 6.62,-2.03,1.45,-0.24,  塑料制品,-3.83,17.42,21.06, 5.92, 3.45亿, 37.08,55.92, 312, 0.70, 1.788亿, 66.40亿, 1.390亿, 51.64亿,44.18, 36.92,19.81,53.76,2025-10-02,37.14,0,2025-10-02,37.23, 3.84, 73, 37.51,
83,"= ""300792""", 壹网壹创, 35.00, 1.92, 2474, 34.99, 10.83,1.6,6.38,1.92,  互联网服务,15.25,19.99,43.09, 71.78, 8.02亿, 34.52,126.98, 95, 0.93, 2.369亿, 82.93亿, 2.125亿, 74.39亿,46.44, 33.80,37.39,68.91,2025-10-02,35,0,2025-10-02,34.34, 5.07, 921, 34.87,
84,"= ""300321""", 同大股份, 41.11, 5.17, 432, 41.11, 3.82,4.39,4.61,5.17,  化学制品,1.46,9.71,36.9, 30.48, 1.38亿, 39.29,201.39, 13, 1.42, 8880万, 36.51亿, 8870万, 36.46亿,100.34, 39.10,8.75,17.27,2025-10-02,41.11,0,2025-10-02,39.09, 6.40, 164, 40.67,
85,"= ""300291""", 百纳千成, 6.64, -1.63, 3747, 6.63, 3.21,-3.49,-0.3,-1.63,  文化传媒,0.61,8.14,18.15, 54.85, 2.00亿, 6.75,66.42, 658, 0.67, 9.419亿, 62.54亿, 9.290亿, 61.68亿,32.01, 6.62,11.75,27.33,2025-10-02,6.64,0,2025-10-02,6.75, 2.96, 8121, 6.70,
86,"= ""300223""", 北京君正, 89.01, 7.24, 6914, 89.00, 14.45,4.61,7.44,7.24,  半导体,5.84,14.99,32.24, 46.32, 53.83亿, 84.39,103.82, 70, 1.88, 4.825亿, 429.5亿, 4.206亿, 374.3亿,30.7, 84.39,25.12,52.89,2025-10-02,89.01,0,2025-10-02,83, 10.37, 1180, 88.55,
87,"= ""300054""", 鼎龙股份, 36.29, 1.06, 2604, 36.28, 3.27,-1.44,18.4,1.06,  电子化学品,4.73,19.06,25.14, -6.29, 8.77亿, 36.38,97.23, 44, 0.63, 9.465亿, 343.5亿, 7.361亿, 267.1亿,40.01, 35.89,10.37,29.17,2025-10-02,36.29,0,2025-10-02,35.91, 2.84, -77, 36.40,
88,"= ""300692""", 中环环保, —, —, —, —, —,11.31,9.79,0,  环保行业,12.29,26.03,39.31, —, —, —,110.45, —, —, 4.245亿, 37.61亿, 3.753亿, 33.25亿,57.37, —,12.55,21.51,2025-10-02,8.86,0,2025-10-02,8.86, —, —, —,
89,"= ""688515""", 裕太微-U, 121.48, 5.44, 199, 121.44, 5.95,1.84,5.31,5.44,  半导体,4.46,11.59,37.75, 29.13, 3.58亿, 116.07,131.3, 1, 1.24, 8000万, 97.18亿, 4982万, 60.52亿,22.71, 115.18,13.9,30.01,2025-10-02,121.48,0,2025-10-02,115.21, 7.56, 35, 120.96,
90,"= ""688277""", 天智航-U, 18.37, -0.54, 773, 18.36, 1.89,4.43,2.06,-0.54,  医疗器械,9.93,5.09,28.1, 2.19, 1.57亿, 18.51,192.98, 130, 0.79, 4.527亿, 83.16亿, 4.527亿, 83.16亿,83.88, 18.18,7.03,13.8,2025-10-02,18.37,0,2025-10-02,18.47, 3.74, 27, 18.43,
91,"= ""688116""", 天奈科技, 68.86, 0.86, 1789, 68.86, 4.01,17.41,22.29,0.86,  化学制品,21.34,35.15,58.01, 23.14, 9.53亿, 67.90,254.04, 38, 0.82, 3.664亿, 252.3亿, 3.447亿, 237.4亿,78.12, 67.38,16.57,28.65,2025-10-02,68.86,0,2025-10-02,68.27, 3.82, 113, 68.87,
92,"= ""688088""", 虹软科技, 59.30, 3.67, 1429, 59.29, 2.49,0,0.41,3.67,  互联网服务,5.63,2.7,27.01, -21.32, 5.95亿, 57.75,151.16, 184, 1.02, 4.012亿, 237.9亿, 4.012亿, 237.9亿,55.68, 57.70,6.72,14.68,2025-10-02,59.3,0,2025-10-02,57.2, 5.03, -108, 59.49,
93,"= ""688037""", 芯源微, 149.00, 5.33, 597, 149.00, 3.75,7.52,21.49,5.33,  半导体,13.37,21.52,38.85, 68.27, 11.17亿, 142.81,147.8, 5, 0.85, 2.016亿, 300.4亿, 2.016亿, 300.4亿,78.4, 140.86,10.65,25.79,2025-10-02,149,0,2025-10-02,141.46, 6.87, 261, 147.62,
94,"= ""301219""", 腾远钴业, 76.12, 5.33, 1612, 76.12, 6.57,13.94,9.21,5.33,  能源金属,15.82,7.53,44.06, -1.54, 14.42亿, 73.01,121.54, 2, 1.45, 2.947亿, 224.3亿, 2.890亿, 220.0亿,70.25, 71.80,16.57,29.15,2025-10-02,76.12,0,2025-10-02,72.27, 8.97, -11, 75.95,
95,"= ""300863""", 卡倍亿, 40.35, 1.08, 1408, 40.35, 2.67,4.13,6.52,1.08,  汽车零部件,3.12,6.86,9.32, 23.99, 1.94亿, 39.95,40.64, 83, 1.07, 1.882亿, 75.93亿, 1.809亿, 72.98亿,26.93, 39.67,8.34,15.15,2025-10-02,40.35,0,2025-10-02,39.92, 2.58, 301, 40.24,
96,"= ""300467""", 迅游科技, 27.06, 1.58, 1634, 27.06, 6.57,-3.05,10.13,1.58,  游戏,3.48,19.63,30.72, 19.58, 3.02亿, 26.90,121.8, 193, 0.87, 2.032亿, 54.99亿, 1.686亿, 45.61亿,72.03, 26.75,18.26,44.45,2025-10-02,27.06,0,2025-10-02,26.64, 4.32, 314, 27.30,
97,"= ""300440""", 运达科技, 13.27, -1.34, 1491, 13.27, 2.54,0.61,-0.15,-1.34,  互联网服务,7.02,4.9,30.48, -39.58, 1.50亿, 13.45,153.24, 241, 0.98, 4.439亿, 58.91亿, 4.422亿, 58.68亿,68.83, 13.20,8.47,15.48,2025-10-02,13.27,0,2025-10-02,13.45, 2.83, -1052, 13.34,
98,"= ""300139""", 晓程科技, 27.81, 0.51, 2.37万, 27.81, 28.01,4.12,-0.11,0.51,  贵金属,0.43,21.76,38.43, 65.86, 18.46亿, 28.05,114.09, 498, 1.09, 2.740亿, 76.20亿, 2.337亿, 64.98亿,90.61, 27.75,70.35,156.14,2025-10-02,27.81,0,2025-10-02,27.67, 3.79, 6664, 28.21,
99,"= ""000603""", 盛达资源, 26.44, 3.04, 4121, 26.43, 7.24,17.56,20.51,3.04,  有色金属,15.66,29.42,74.87, -57.25, 12.72亿, 26.00,147.33, 3022, 1.45, 6.900亿, 182.4亿, 6.667亿, 176.3亿,122.37, 25.76,17.95,32.14,2025-09-29,25.66,0.0304,2025-09-29,25.66, 6.00, -3085, 26.34,
100,"= ""300857""", 协创数据, 181.99, 0.45, 3462, 181.98, 5.45,8.46,15.92,0.45,  消费电子,7.7,72.91,115.5, -52.55, 34.03亿, 181.00,465.19, 25, 0.90, 3.461亿, 629.9亿, 3.451亿, 628.1亿,139.02, 178.30,18.41,35.62,2025-09-29,181.17,0.0045,2025-09-29,181.17, 3.12, -319, 180.83,
101,"= ""002346""", 柘中股份, 18.24, -2.41, 1204, 18.24, 2.84,4.83,12.38,-2.41,  电网设备,9.81,17.91,28.54, 18.49, 2.06亿, 18.89,169.03, 598, 0.95, 4.416亿, 80.54亿, 3.933亿, 71.74亿,94.25, 18.11,11.42,17.76,2025-09-26,19.14,-0.047,2025-09-26,18.69, 4.23, 422, 18.47,
102,"= ""300421""", 力星股份, 19.03, -0.94, 6240, 19.03, 15.15,-1.35,11.94,-0.94,  通用设备,21.21,21.52,28.84, -22.64, 6.62亿, 19.22,136.69, 164, 0.56, 2.940亿, 55.95亿, 2.303亿, 43.83亿,71.91, 18.61,61.46,150.82,2025-09-24,18.02,0.056,2025-09-24,19.21, 4.22, -636, 18.98,
103,"= ""000973""", 佛塑科技, 7.82, -1.51, 1.20万, 7.82, 10.53,7.27,3.99,-1.51,  塑料制品,5.82,8.61,13.66, -9.33, 7.98亿, 7.96,110.22, 2840, 2.28, 9.674亿, 75.65亿, 9.674亿, 75.65亿,32.32, 7.75,20.4,33.66,2025-09-29,7.94,-0.0151,2025-09-29,7.94, 3.27, -3173, 7.83,
104,"= ""603050""", 科林电气, 18.50, -3.04, 8568, 18.50, 5.69,3.35,8.19,-3.04,  电网设备,9.4,16.72,13.01, 81.21, 4.30亿, 18.99,24.83, 167, 1.64, 4.033亿, 74.61亿, 4.033亿, 74.61亿,33.96, 18.47,15.06,23.1,2025-09-29,19.51,-0.0518,2025-09-29,19.08, 5.35, 3414, 18.74,
105,"= ""300904""", 威力传动, 84.19, -1.88, 1124, 84.18, 22.40,27.44,21.38,-1.88,  风电设备,23.27,32.83,58.22, 58.71, 4.12亿, 85.85,134.71, 4, 1.44, 7238万, 60.94亿, 2198万, 18.51亿,39.92, 81.52,72.99,100.4,2025-09-26,79.27,0.0621,2025-09-26,85.8, 5.99, 236, 83.61,
106,"= ""002600""", 领益智造, 16.31, 0.80, 10.8万, 16.31, 9.29,2.45,6.25,0.8,  消费电子,7.37,13.26,81.63, 41.22, 105.45亿, 16.58,158.89, 3778, 1.28, 70.08亿, 1143亿, 69.00亿, 1125亿,104.39, 16.10,23.62,45.67,2025-09-29,16.18,0.008,2025-09-29,16.18, 4.64, 2.86万, 16.46,
107,"= ""000981""", 山子高科, 4.24, 10.13, 1.04万, 4.24, 15.84,16.48,26.19,10.13,  汽车零部件,0,60,97.21, 100.00, 62.93亿, 4.01,311.65, 0, 0.79, 99.97亿, 423.9亿, 95.13亿, 403.4亿,112, 3.96,42.63,115.83,2025-09-29,3.85,0.1013,2025-09-29,3.85, 7.27, 61.2万, 4.18,
108,"= ""000559""", 万向钱潮, 12.66, -2.47, 5.32万, 12.66, 13.91,17.99,32.98,-2.47,  汽车零部件,14.88,61.89,52.71, 37.99, 60.86亿, 13.30,165.41, 4090, 1.60, 33.15亿, 419.7亿, 33.15亿, 419.6亿,112.06, 12.64,28.81,57.5,2025-09-29,12.98,-0.0247,2025-09-29,12.98, 11.25, 1.16万, 13.20,
109,"= ""600629""", 华建集团, 28.69, 10.01, 184, 28.69, 7.37,33.13,51.8,10.01,  工程咨询服务,46.38,101.19,230.15, 100.00, 20.04亿, 28.58,567.21, 0, 1.44, 9.703亿, 278.4亿, 9.531亿, 273.4亿,215.27, 27.41,14.78,32.96,2025-09-29,26.08,0.1001,2025-09-29,26.08, 4.91, 1.84万, 28.52,
110,"= ""000885""", 城发环境, 15.15, -4.96, 2207, 15.14, 4.26,6.02,2.5,-4.96,  环保行业,5.06,1.34,9.23, -18.42, 4.19亿, 15.87,47.52, 86, 4.27, 6.421亿, 97.27亿, 6.421亿, 97.27亿,18.82, 15.03,7.21,9.25,2025-09-29,15.94,-0.0496,2025-09-29,15.94, 5.96, -269, 15.32,
111,"= ""601218""", XD吉鑫科, 5.61, -9.95, 1.97万, —, 28.73,9.14,13.79,-9.95,  风电设备,21.17,30.47,24.94, -100.00, 16.00亿, 5.96,110.9, 5045, 2.65, 9.690亿, 54.36亿, 9.690亿, 54.36亿,72.62, 5.61,67.37,83.01,2025-09-29,6.23,-0.0995,2025-09-29,6.23, 7.06, -1.55万, 5.75,
112,"= ""300948""", 冠中生态, 16.13, 20.01, 64, 16.13, 1.18,44.02,37.63,20.01,  环保行业,44.02,43.89,45.05, 100.00, 2483万, 16.13,79.42, 0, 0.52, 1.400亿, 22.59亿, 1.308亿, 21.10亿,71.41, 16.13,2.55,2.55,2025-09-29,13.44,0.2001,2025-09-29,13.44, 0.00, 11.5万, 16.13,
113,"= ""688275""", 万润新能, 68.79, 4.80, 1324, 68.78, 18.71,33.83,34.07,4.8,  电池,39.31,41.95,71.03, 55.25, 10.95亿, 66.00,180.66, 0, 2.61, 1.261亿, 86.76亿, 8460万, 58.19亿,42.33, 65.78,39.94,54.52,2025-09-29,65.64,0.048,2025-09-29,65.64, 7.60, 342, 69.18,
114,"= ""301369""", 联动科技, 89.37, -0.89, 482, 89.37, 6.14,11.55,16.25,-0.89,  半导体,15.47,14.07,63.92, 34.15, 2.00亿, 91.41,104.23, 1, 0.65, 7058万, 63.07亿, 3636万, 32.50亿,71.47, 88.50,31.3,53.29,2025-09-26,89.06,0.0035,2025-09-26,90.17, 3.23, 28, 89.71,
115,"= ""300124""", 汇川技术, 83.82, 0.50, 5839, 83.81, 1.74,-2.43,0.4,0.5,  电子元件,1.48,11.91,32.98, -12.74, 34.24亿, 83.05,92.03, 8, 0.66, 27.00亿, 2263亿, 23.65亿, 1982亿,44.09, 82.50,6.51,14.99,2025-09-26,83.3,0.0062,2025-09-26,83.4, 2.29, -251, 83.35,
116,"= ""002747""", 埃斯顿, 25.60, -0.62, 3684, 25.60, 3.26,-0.31,-1.5,-0.62,  通用设备,3.43,4.79,28.9, 50.20, 6.54亿, 25.88,113.16, 130, 0.76, 8.710亿, 223.0亿, 7.824亿, 200.3亿,38.38, 25.41,11.34,24.86,2025-09-26,25.07,0.0211,2025-09-26,25.76, 1.90, 2792, 25.62,
117,"= ""002190""", 成飞集成, 44.34, 5.20, 4824, 44.34, 14.29,13.75,9.83,5.2,  汽车零部件,11.52,-8.27,21.88, 36.68, 22.59亿, 42.16,223.65, 553, 1.90, 3.587亿, 159.1亿, 3.587亿, 159.1亿,129.27, 42.16,40,52,2025-09-26,42.88,0.034,2025-09-26,42.15, 8.02, 1828, 44.06,
118,"= ""601619""", 嘉泽新能, 5.48, 2.81, 3.59万, 5.48, 16.88,8.09,23.98,2.81,  电力行业,20.44,41.97,44.59, 51.89, 22.55亿, 5.59,109.96, 918, 1.82, 29.13亿, 159.6亿, 24.35亿, 133.4亿,70.19, 5.30,42.16,63.24,2025-09-26,5.58,-0.0179,2025-09-26,5.33, 7.69, 1.39万, 5.49,
119,"= ""603993""", 洛阳钼业, 15.70, 6.51, 4.12万, 15.70, 2.12,13.19,20.86,6.51,  小金属,25.4,13.6,83.84, -20.26, 57.01亿, 15.01,118.36, 5483, 1.04, 213.9亿, 3359亿, 174.6亿, 2741亿,145.31, 14.74,6.61,12.3,2025-09-25,13.87,0.1319,2025-09-25,14.74, 7.53, -5986, 15.41,
120,"= ""002246""", 北化股份, 22.70, 6.22, 8703, 22.69, 7.11,7.13,35.36,6.22,  化学制品,18.04,34.56,56.44, -80.49, 8.67亿, 21.42,164.57, 950, 0.70, 5.490亿, 124.6亿, 5.490亿, 124.6亿,124.53, 21.21,21.95,58.27,2025-09-24,21.15,0.0733,2025-09-24,21.37, 8.05, -1890, 22.21,
121,"= ""603726""", 朗迪集团, 27.18, 3.78, 2387, 27.16, 14.29,17.46,40.61,3.78,  家电行业,25.14,39.03,45.35, -91.21, 7.02亿, 26.50,124.44, 87, 1.50, 1.857亿, 50.46亿, 1.847亿, 50.20亿,76.38, 25.18,31.1,61.9,2025-09-24,23.89,0.1377,2025-09-24,26.19, 12.68, -1618, 26.61,
122,"= ""688403""", 汇成股份, 19.35, 2.54, 5614, 19.34, 7.13,6.32,46.04,2.54,  半导体,23.09,50.82,92.92, 40.28, 11.58亿, 19.04,199.54, 251, 0.92, 8.402亿, 162.6亿, 8.402亿, 162.6亿,118.15, 18.90,21.87,45.7,2025-09-24,18.21,0.0626,2025-09-24,18.87, 5.09, 1090, 19.33,
123,"= ""601609""", 金田股份, 12.39, 4.03, 1.25万, 12.38, 7.86,3.68,0.32,4.03,  有色金属,9.16,5.18,73.53, -19.50, 16.86亿, 11.90,159.75, 3518, 1.51, 17.29亿, 214.2亿, 17.29亿, 214.2亿,113.99, 11.90,20.11,33.93,2025-08-15,11.39,0.0878,2025-08-15,11.91, 6.72, -7440, 12.42,
124,"= ""002050""", 三花智控, 48.43, 3.93, 4.12万, 48.42, 6.49,9.94,23.45,3.93,  家电行业,7.55,46.76,90.15, -63.60, 114.10亿, 46.29,175.95, 2903, 0.93, 42.09亿, 2038亿, 36.84亿, 1784亿,108.21, 46.19,19.68,41.54,2025-09-08,33.77,0.4341,2025-09-08,46.6, 5.82, -9561, 47.73,
125,"= ""600183""", 生益科技, 54.02, -1.48, 4041, 54.01, 1.40,-4.08,0.35,-1.48,  电子元件,-7.23,10.02,70.68, 10.90, 18.18亿, 55.00,240.18, 148, 0.72, 24.29亿, 1312亿, 23.95亿, 1294亿,134.36, 53.31,4.62,11.12,2025-08-15,44.43,0.2158,2025-08-15,54.83, 3.90, 50, 54.05,
126,"= ""002463""", 沪电股份, 73.47, -1.13, 4319, 73.46, 1.90,-1.66,2.04,-1.13,  电子元件,-5.69,9.3,49.72, -35.00, 26.88亿, 74.67,132.13, 188, 0.64, 19.24亿, 1414亿, 19.22亿, 1412亿,87.66, 72.69,6.71,16.72,2025-08-31,68.79,0.068,2025-08-31,74.31, 3.63, -1241, 73.74,
127,"= ""002916""", 深南电路, 216.64, -2.10, 853, 216.61, 1.18,3.9,14.93,-2.1,  电子元件,-1.04,20.43,82.08, -88.84, 17.30亿, 229.00,220.19, 4, 0.81, 6.667亿, 1444亿, 6.650亿, 1441亿,128.04, 214.80,3.52,8.48,2025-08-31,198,0.0941,2025-08-31,221.29, 8.53, -430, 219.81,
128,"= ""301345""", 涛涛车业, 210.00, -1.03, 268, 209.51, 3.12,-3.3,1.43,-1.03,  交运设备,-3.66,14.31,55.36, -26.83, 1.90亿, 211.73,300.15, 21, 0.69, 1.090亿, 229.0亿, 2906万, 61.02亿,235.41, 208.02,12.91,25.68,2025-07-25,162.84,0.2896,2025-07-25,212.19, 2.36, -11, 209.84,
129,"= ""300153""", 科泰电源, 40.29, 0.78, 3811, 40.29, 9.14,-4.75,3.39,0.78,  电源设备,2.81,5.55,23.21, -2.93, 11.93亿, 39.68,577.14, 585, 0.76, 3.200亿, 128.9亿, 3.183亿, 128.3亿,154.52, 39.68,30.35,69.63,2025-08-31,42.7,-0.0564,2025-08-31,39.98, 5.50, -70, 40.98,
130,"= ""603226""", 菲林格尔, 38.61, 2.55, 821, 38.61, 1.91,9.59,32.73,2.55,  装修建材,26.18,68.38,210.12, -10.93, 2.58亿, 38.10,1165.9, 175, 0.66, 3.555亿, 137.3亿, 3.555亿, 137.3亿,716.28, 36.83,7.82,16.32,2025-08-31,23.21,0.6635,2025-08-31,37.65, 5.79, -95, 37.93,
131,"= ""301489""", 思泉新材, 240.00, -5.88, 482, 240.00, 10.04,-12.09,6.19,-5.88,  消费电子,-10.57,20.35,298.21, 56.02, 11.73亿, 255.00,475.82, 1, 1.22, 8075万, 193.8亿, 4760万, 114.2亿,394.23, 234.52,26.41,51.17,2025-08-02,109.02,1.2014,2025-08-02,255, 9.98, 66, 245.48,
132,"= ""688660""", 电气风电, 23.11, 1.99, 6252, 23.11, 3.01,-6.96,19.31,1.99,  风电设备,-2.53,4.33,165.02, -78.75, 9.36亿, 22.70,657.7, 60, 0.69, 13.33亿, 308.1亿, 13.33亿, 308.1亿,156.78, 22.70,10.75,24.79,2025-08-12,19.46,0.1876,2025-08-12,22.66, 6.44, -3359, 23.33,